PRAGMA foreign_keys=OFF;
BEGIN TRANSACTION;
CREATE TABLE IF NOT EXISTS "django_migrations" ("id" integer NOT NULL PRIMARY KEY AUTOINCREMENT, "app" varchar(255) NOT NULL, "name" varchar(255) NOT NULL, "applied" datetime NOT NULL);
INSERT INTO django_migrations VALUES(1,'contenttypes','0001_initial','2020-12-17 17:47:19.593574');
INSERT INTO django_migrations VALUES(2,'auth','0001_initial','2020-12-17 17:47:19.937068');
INSERT INTO django_migrations VALUES(3,'admin','0001_initial','2020-12-17 17:47:20.112418');
INSERT INTO django_migrations VALUES(4,'admin','0002_logentry_remove_auto_add','2020-12-17 17:47:20.307267');
INSERT INTO django_migrations VALUES(5,'admin','0003_logentry_add_action_flag_choices','2020-12-17 17:47:20.493997');
INSERT INTO django_migrations VALUES(6,'contenttypes','0002_remove_content_type_name','2020-12-17 17:47:20.716067');
INSERT INTO django_migrations VALUES(7,'auth','0002_alter_permission_name_max_length','2020-12-17 17:47:20.944679');
INSERT INTO django_migrations VALUES(8,'auth','0003_alter_user_email_max_length','2020-12-17 17:47:21.574297');
INSERT INTO django_migrations VALUES(9,'auth','0004_alter_user_username_opts','2020-12-17 17:47:21.774174');
INSERT INTO django_migrations VALUES(10,'auth','0005_alter_user_last_login_null','2020-12-17 17:47:21.943511');
INSERT INTO django_migrations VALUES(11,'auth','0006_require_contenttypes_0002','2020-12-17 17:47:22.081330');
INSERT INTO django_migrations VALUES(12,'auth','0007_alter_validators_add_error_messages','2020-12-17 17:47:22.374825');
INSERT INTO django_migrations VALUES(13,'auth','0008_alter_user_username_max_length','2020-12-17 17:47:22.721610');
INSERT INTO django_migrations VALUES(14,'auth','0009_alter_user_last_name_max_length','2020-12-17 17:47:23.056659');
INSERT INTO django_migrations VALUES(15,'auth','0010_alter_group_name_max_length','2020-12-17 17:47:23.201161');
INSERT INTO django_migrations VALUES(16,'auth','0011_update_proxy_permissions','2020-12-17 17:47:23.331984');
INSERT INTO django_migrations VALUES(17,'auth','0012_alter_user_first_name_max_length','2020-12-17 17:47:23.485934');
INSERT INTO django_migrations VALUES(18,'main','0001_initial','2020-12-17 17:47:23.680281');
INSERT INTO django_migrations VALUES(19,'sessions','0001_initial','2020-12-17 17:47:23.824163');
INSERT INTO django_migrations VALUES(20,'main','0002_auto_20201218_0036','2020-12-17 19:36:08.083105');
INSERT INTO django_migrations VALUES(21,'main','0003_auto_20201218_1850','2020-12-18 13:51:23.963797');
INSERT INTO django_migrations VALUES(22,'main','0004_partner','2020-12-19 06:54:20.936231');
INSERT INTO django_migrations VALUES(23,'main','0005_about','2020-12-19 07:58:37.666424');
INSERT INTO django_migrations VALUES(24,'main','0006_gallery_gallerydetail','2020-12-19 09:31:00.318485');
INSERT INTO django_migrations VALUES(25,'main','0007_auto_20201219_1432','2020-12-19 09:32:31.988221');
INSERT INTO django_migrations VALUES(26,'main','0008_auto_20201219_1552','2020-12-19 11:07:15.040016');
INSERT INTO django_migrations VALUES(27,'main','0009_sertificate','2020-12-19 12:32:11.419062');
CREATE TABLE IF NOT EXISTS "auth_group_permissions" ("id" integer NOT NULL PRIMARY KEY AUTOINCREMENT, "group_id" integer NOT NULL REFERENCES "auth_group" ("id") DEFERRABLE INITIALLY DEFERRED, "permission_id" integer NOT NULL REFERENCES "auth_permission" ("id") DEFERRABLE INITIALLY DEFERRED);
CREATE TABLE IF NOT EXISTS "auth_user_groups" ("id" integer NOT NULL PRIMARY KEY AUTOINCREMENT, "user_id" integer NOT NULL REFERENCES "auth_user" ("id") DEFERRABLE INITIALLY DEFERRED, "group_id" integer NOT NULL REFERENCES "auth_group" ("id") DEFERRABLE INITIALLY DEFERRED);
CREATE TABLE IF NOT EXISTS "auth_user_user_permissions" ("id" integer NOT NULL PRIMARY KEY AUTOINCREMENT, "user_id" integer NOT NULL REFERENCES "auth_user" ("id") DEFERRABLE INITIALLY DEFERRED, "permission_id" integer NOT NULL REFERENCES "auth_permission" ("id") DEFERRABLE INITIALLY DEFERRED);
CREATE TABLE IF NOT EXISTS "django_admin_log" ("id" integer NOT NULL PRIMARY KEY AUTOINCREMENT, "action_time" datetime NOT NULL, "object_id" text NULL, "object_repr" varchar(200) NOT NULL, "change_message" text NOT NULL, "content_type_id" integer NULL REFERENCES "django_content_type" ("id") DEFERRABLE INITIALLY DEFERRED, "user_id" integer NOT NULL REFERENCES "auth_user" ("id") DEFERRABLE INITIALLY DEFERRED, "action_flag" smallint unsigned NOT NULL CHECK ("action_flag" >= 0));
INSERT INTO django_admin_log VALUES(1,'2020-12-17 17:56:46.935085','1','Vintik','[{"added": {}}]',7,1,1);
INSERT INTO django_admin_log VALUES(2,'2020-12-17 17:57:04.191272','2','Shpintik','[{"added": {}}]',7,1,1);
INSERT INTO django_admin_log VALUES(3,'2020-12-18 13:48:05.676211','1','Trubi','[{"added": {}}, {"added": {"name": "sub category product", "object": "Trubi > plastik"}}, {"added": {"name": "sub category product", "object": "Trubi > iron"}}]',8,1,1);
INSERT INTO django_admin_log VALUES(4,'2020-12-18 13:54:57.901924','2','Shpintik','[{"changed": {"fields": ["Categoriya", "SubCategoriya", "Narxini kiriting", "Maxsulot Haqida"]}}, {"added": {"name": "product detail", "object": "ProductDetail object (1)"}}, {"added": {"name": "product detail", "object": "ProductDetail object (2)"}}, {"added": {"name": "product detail", "object": "ProductDetail object (3)"}}, {"added": {"name": "product detail", "object": "ProductDetail object (4)"}}, {"added": {"name": "product detail image", "object": "ProductDetailImage object (1)"}}, {"added": {"name": "product detail image", "object": "ProductDetailImage object (2)"}}, {"added": {"name": "product detail image", "object": "ProductDetailImage object (3)"}}, {"added": {"name": "product detail image", "object": "ProductDetailImage object (4)"}}]',7,1,2);
INSERT INTO django_admin_log VALUES(5,'2020-12-18 13:55:28.488982','2','vintlar','[{"added": {}}, {"added": {"name": "sub category product", "object": "vintlar > burama"}}, {"added": {"name": "sub category product", "object": "vintlar > aylanma"}}]',8,1,1);
INSERT INTO django_admin_log VALUES(6,'2020-12-18 13:56:48.270156','1','Vintik','[{"changed": {"fields": ["Categoriya", "SubCategoriya", "Narxini kiriting", "Maxsulot Haqida"]}}, {"added": {"name": "product detail", "object": "ProductDetail object (5)"}}, {"added": {"name": "product detail", "object": "ProductDetail object (6)"}}, {"added": {"name": "product detail", "object": "ProductDetail object (7)"}}, {"added": {"name": "product detail", "object": "ProductDetail object (8)"}}, {"added": {"name": "product detail image", "object": "ProductDetailImage object (5)"}}, {"added": {"name": "product detail image", "object": "ProductDetailImage object (6)"}}, {"added": {"name": "product detail image", "object": "ProductDetailImage object (7)"}}]',7,1,2);
INSERT INTO django_admin_log VALUES(7,'2020-12-18 14:22:24.952797','3','Алюкобонд','[{"added": {}}]',8,1,1);
INSERT INTO django_admin_log VALUES(8,'2020-12-18 14:22:51.196568','4','Скотч','[{"added": {}}]',8,1,1);
INSERT INTO django_admin_log VALUES(9,'2020-12-18 14:23:09.760162','5','Саморезы','[{"added": {}}]',8,1,1);
INSERT INTO django_admin_log VALUES(10,'2020-12-18 14:23:21.065899','6','Изоляционная лента','[{"added": {}}]',8,1,1);
INSERT INTO django_admin_log VALUES(11,'2020-12-18 14:23:43.491572','7','Трубы и Фитинги','[{"added": {}}]',8,1,1);
INSERT INTO django_admin_log VALUES(12,'2020-12-18 14:24:30.759145','7','Трубы и Фитинги','[{"added": {"name": "sub category product", "object": "\u0422\u0440\u0443\u0431\u044b \u0438 \u0424\u0438\u0442\u0438\u043d\u0433\u0438 > \u041f\u041f\u0420 \u0422\u0440\u0443\u0431\u044b"}}, {"added": {"name": "sub category product", "object": "\u0422\u0440\u0443\u0431\u044b \u0438 \u0424\u0438\u0442\u0438\u043d\u0433\u0438 > \u041f\u0412\u0425 \u0422\u0440\u0443\u0431\u044b"}}, {"added": {"name": "sub category product", "object": "\u0422\u0440\u0443\u0431\u044b \u0438 \u0424\u0438\u0442\u0438\u043d\u0433\u0438 > \u041f\u041f\u0420 \u0424\u0438\u0442\u0438\u043d\u0433\u0438"}}, {"added": {"name": "sub category product", "object": "\u0422\u0440\u0443\u0431\u044b \u0438 \u0424\u0438\u0442\u0438\u043d\u0433\u0438 > \u041f\u0412\u0425 \u0424\u0438\u0442\u0438\u043d\u0433\u0438"}}]',8,1,2);
INSERT INTO django_admin_log VALUES(13,'2020-12-18 14:25:17.820888','2','vintlar','',8,1,3);
INSERT INTO django_admin_log VALUES(14,'2020-12-18 14:25:17.982283','1','Trubi','',8,1,3);
INSERT INTO django_admin_log VALUES(15,'2020-12-18 14:30:32.601079','3','Тройник с внутренней резьбой','[{"added": {}}, {"added": {"name": "product detail", "object": "ProductDetail object (9)"}}, {"added": {"name": "product detail", "object": "ProductDetail object (10)"}}, {"added": {"name": "product detail", "object": "ProductDetail object (11)"}}, {"added": {"name": "product detail", "object": "ProductDetail object (12)"}}, {"added": {"name": "product detail image", "object": "ProductDetailImage object (8)"}}]',7,1,1);
INSERT INTO django_admin_log VALUES(16,'2020-12-19 05:11:33.307987','4','MOdern End new','[{"added": {}}, {"added": {"name": "product detail", "object": "ProductDetail object (13)"}}, {"added": {"name": "product detail", "object": "ProductDetail object (14)"}}, {"added": {"name": "product detail", "object": "ProductDetail object (15)"}}, {"added": {"name": "product detail", "object": "ProductDetail object (16)"}}, {"added": {"name": "product detail image", "object": "ProductDetailImage object (9)"}}, {"added": {"name": "product detail image", "object": "ProductDetailImage object (10)"}}, {"added": {"name": "product detail image", "object": "ProductDetailImage object (11)"}}]',7,1,1);
INSERT INTO django_admin_log VALUES(17,'2020-12-19 07:05:56.256522','1','qishloq qurilish bank','[{"added": {}}]',12,1,1);
INSERT INTO django_admin_log VALUES(18,'2020-12-19 07:06:40.877071','2','Toshiba','[{"added": {}}]',12,1,1);
INSERT INTO django_admin_log VALUES(19,'2020-12-19 07:07:45.950601','3','mikrosaun','[{"added": {}}]',12,1,1);
INSERT INTO django_admin_log VALUES(20,'2020-12-19 08:13:34.130598','1','Общая информация','[{"added": {}}]',13,1,1);
INSERT INTO django_admin_log VALUES(21,'2020-12-19 08:14:43.972001','2','Результаты за 2017-2018','[{"added": {}}]',13,1,1);
INSERT INTO django_admin_log VALUES(22,'2020-12-19 08:15:09.949724','3','Результаты за 2019','[{"added": {}}]',13,1,1);
INSERT INTO django_admin_log VALUES(23,'2020-12-19 08:15:32.344270','4','Результаты за 2020','[{"added": {}}]',13,1,1);
INSERT INTO django_admin_log VALUES(24,'2020-12-19 08:18:12.831358','5','We Love Modern Designs','[{"added": {}}, {"added": {"name": "product detail", "object": "ProductDetail object (17)"}}, {"added": {"name": "product detail", "object": "ProductDetail object (18)"}}, {"added": {"name": "product detail", "object": "ProductDetail object (19)"}}, {"added": {"name": "product detail", "object": "ProductDetail object (20)"}}, {"added": {"name": "product detail image", "object": "ProductDetailImage object (12)"}}, {"added": {"name": "product detail image", "object": "ProductDetailImage object (13)"}}]',7,1,1);
INSERT INTO django_admin_log VALUES(25,'2020-12-19 09:36:30.963278','1','Birinchi Gallereya','[{"added": {}}, {"added": {"name": "gallery detail", "object": "GalleryDetail object (1)"}}, {"added": {"name": "gallery detail", "object": "GalleryDetail object (2)"}}, {"added": {"name": "gallery detail", "object": "GalleryDetail object (3)"}}, {"added": {"name": "gallery detail", "object": "GalleryDetail object (4)"}}]',15,1,1);
INSERT INTO django_admin_log VALUES(26,'2020-12-19 09:46:33.916672','2','Ikkinchi Galereya','[{"added": {}}, {"added": {"name": "gallery detail", "object": "GalleryDetail object (5)"}}, {"added": {"name": "gallery detail", "object": "GalleryDetail object (6)"}}, {"added": {"name": "gallery detail", "object": "GalleryDetail object (7)"}}, {"added": {"name": "gallery detail", "object": "GalleryDetail object (8)"}}, {"added": {"name": "gallery detail", "object": "GalleryDetail object (9)"}}, {"added": {"name": "gallery detail", "object": "GalleryDetail object (10)"}}, {"added": {"name": "gallery detail", "object": "GalleryDetail object (11)"}}, {"added": {"name": "gallery detail", "object": "GalleryDetail object (12)"}}, {"added": {"name": "gallery detail", "object": "GalleryDetail object (13)"}}]',15,1,1);
INSERT INTO django_admin_log VALUES(27,'2020-12-19 09:47:46.516393','3','uchinchi galereya','[{"added": {}}, {"added": {"name": "gallery detail", "object": "GalleryDetail object (14)"}}, {"added": {"name": "gallery detail", "object": "GalleryDetail object (15)"}}, {"added": {"name": "gallery detail", "object": "GalleryDetail object (16)"}}, {"added": {"name": "gallery detail", "object": "GalleryDetail object (17)"}}, {"added": {"name": "gallery detail", "object": "GalleryDetail object (18)"}}, {"added": {"name": "gallery detail", "object": "GalleryDetail object (19)"}}, {"added": {"name": "gallery detail", "object": "GalleryDetail object (20)"}}, {"added": {"name": "gallery detail", "object": "GalleryDetail object (21)"}}, {"added": {"name": "gallery detail", "object": "GalleryDetail object (22)"}}]',15,1,1);
INSERT INTO django_admin_log VALUES(28,'2020-12-19 09:48:45.249253','4','We Love Modern Designs','[{"added": {}}, {"added": {"name": "gallery detail", "object": "GalleryDetail object (23)"}}, {"added": {"name": "gallery detail", "object": "GalleryDetail object (24)"}}, {"added": {"name": "gallery detail", "object": "GalleryDetail object (25)"}}, {"added": {"name": "gallery detail", "object": "GalleryDetail object (26)"}}, {"added": {"name": "gallery detail", "object": "GalleryDetail object (27)"}}]',15,1,1);
INSERT INTO django_admin_log VALUES(29,'2020-12-19 11:14:18.147726','1','В СФЕРЕ ВОДОСНАБЖЕНИЯ – РЕОРГАНИЗАЦИЯ И ПЕРЕРАСПРЕДЕЛЕНИЕ ПОЛНОМОЧИЙ','[{"added": {}}]',16,1,1);
INSERT INTO django_admin_log VALUES(30,'2020-12-19 11:14:59.229241','2','КАРАНТИННЫЕ ОГРАНИЧЕНИЯ СМЯГЧАЮТСЯ','[{"added": {}}]',16,1,1);
INSERT INTO django_admin_log VALUES(31,'2020-12-19 11:15:59.268380','3','We Love Modern Designs','[{"added": {}}]',16,1,1);
INSERT INTO django_admin_log VALUES(32,'2020-12-19 12:43:39.605878','1','soliq','[{"added": {}}]',17,1,1);
INSERT INTO django_admin_log VALUES(33,'2020-12-19 12:43:49.930877','2','telegram','[{"added": {}}]',17,1,1);
INSERT INTO django_admin_log VALUES(34,'2020-12-19 12:44:00.019019','3','Mirzoakbar','[{"added": {}}]',17,1,1);
CREATE TABLE IF NOT EXISTS "django_content_type" ("id" integer NOT NULL PRIMARY KEY AUTOINCREMENT, "app_label" varchar(100) NOT NULL, "model" varchar(100) NOT NULL);
INSERT INTO django_content_type VALUES(1,'admin','logentry');
INSERT INTO django_content_type VALUES(2,'auth','permission');
INSERT INTO django_content_type VALUES(3,'auth','group');
INSERT INTO django_content_type VALUES(4,'auth','user');
INSERT INTO django_content_type VALUES(5,'contenttypes','contenttype');
INSERT INTO django_content_type VALUES(6,'sessions','session');
INSERT INTO django_content_type VALUES(7,'main','product');
INSERT INTO django_content_type VALUES(8,'main','categoryproduct');
INSERT INTO django_content_type VALUES(9,'main','subcategoryproduct');
INSERT INTO django_content_type VALUES(10,'main','productdetailimage');
INSERT INTO django_content_type VALUES(11,'main','productdetail');
INSERT INTO django_content_type VALUES(12,'main','partner');
INSERT INTO django_content_type VALUES(13,'main','about');
INSERT INTO django_content_type VALUES(14,'main','gallerydetail');
INSERT INTO django_content_type VALUES(15,'main','gallery');
INSERT INTO django_content_type VALUES(16,'main','newsletter');
INSERT INTO django_content_type VALUES(17,'main','sertificate');
CREATE TABLE IF NOT EXISTS "auth_permission" ("id" integer NOT NULL PRIMARY KEY AUTOINCREMENT, "content_type_id" integer NOT NULL REFERENCES "django_content_type" ("id") DEFERRABLE INITIALLY DEFERRED, "codename" varchar(100) NOT NULL, "name" varchar(255) NOT NULL);
INSERT INTO auth_permission VALUES(1,1,'add_logentry','Can add log entry');
INSERT INTO auth_permission VALUES(2,1,'change_logentry','Can change log entry');
INSERT INTO auth_permission VALUES(3,1,'delete_logentry','Can delete log entry');
INSERT INTO auth_permission VALUES(4,1,'view_logentry','Can view log entry');
INSERT INTO auth_permission VALUES(5,2,'add_permission','Can add permission');
INSERT INTO auth_permission VALUES(6,2,'change_permission','Can change permission');
INSERT INTO auth_permission VALUES(7,2,'delete_permission','Can delete permission');
INSERT INTO auth_permission VALUES(8,2,'view_permission','Can view permission');
INSERT INTO auth_permission VALUES(9,3,'add_group','Can add group');
INSERT INTO auth_permission VALUES(10,3,'change_group','Can change group');
INSERT INTO auth_permission VALUES(11,3,'delete_group','Can delete group');
INSERT INTO auth_permission VALUES(12,3,'view_group','Can view group');
INSERT INTO auth_permission VALUES(13,4,'add_user','Can add user');
INSERT INTO auth_permission VALUES(14,4,'change_user','Can change user');
INSERT INTO auth_permission VALUES(15,4,'delete_user','Can delete user');
INSERT INTO auth_permission VALUES(16,4,'view_user','Can view user');
INSERT INTO auth_permission VALUES(17,5,'add_contenttype','Can add content type');
INSERT INTO auth_permission VALUES(18,5,'change_contenttype','Can change content type');
INSERT INTO auth_permission VALUES(19,5,'delete_contenttype','Can delete content type');
INSERT INTO auth_permission VALUES(20,5,'view_contenttype','Can view content type');
INSERT INTO auth_permission VALUES(21,6,'add_session','Can add session');
INSERT INTO auth_permission VALUES(22,6,'change_session','Can change session');
INSERT INTO auth_permission VALUES(23,6,'delete_session','Can delete session');
INSERT INTO auth_permission VALUES(24,6,'view_session','Can view session');
INSERT INTO auth_permission VALUES(25,7,'add_product','Can add product');
INSERT INTO auth_permission VALUES(26,7,'change_product','Can change product');
INSERT INTO auth_permission VALUES(27,7,'delete_product','Can delete product');
INSERT INTO auth_permission VALUES(28,7,'view_product','Can view product');
INSERT INTO auth_permission VALUES(29,8,'add_categoryproduct','Can add category product');
INSERT INTO auth_permission VALUES(30,8,'change_categoryproduct','Can change category product');
INSERT INTO auth_permission VALUES(31,8,'delete_categoryproduct','Can delete category product');
INSERT INTO auth_permission VALUES(32,8,'view_categoryproduct','Can view category product');
INSERT INTO auth_permission VALUES(33,9,'add_subcategoryproduct','Can add sub category product');
INSERT INTO auth_permission VALUES(34,9,'change_subcategoryproduct','Can change sub category product');
INSERT INTO auth_permission VALUES(35,9,'delete_subcategoryproduct','Can delete sub category product');
INSERT INTO auth_permission VALUES(36,9,'view_subcategoryproduct','Can view sub category product');
INSERT INTO auth_permission VALUES(37,10,'add_productdetailimage','Can add product detail image');
INSERT INTO auth_permission VALUES(38,10,'change_productdetailimage','Can change product detail image');
INSERT INTO auth_permission VALUES(39,10,'delete_productdetailimage','Can delete product detail image');
INSERT INTO auth_permission VALUES(40,10,'view_productdetailimage','Can view product detail image');
INSERT INTO auth_permission VALUES(41,11,'add_productdetail','Can add product detail');
INSERT INTO auth_permission VALUES(42,11,'change_productdetail','Can change product detail');
INSERT INTO auth_permission VALUES(43,11,'delete_productdetail','Can delete product detail');
INSERT INTO auth_permission VALUES(44,11,'view_productdetail','Can view product detail');
INSERT INTO auth_permission VALUES(45,12,'add_partner','Can add partner');
INSERT INTO auth_permission VALUES(46,12,'change_partner','Can change partner');
INSERT INTO auth_permission VALUES(47,12,'delete_partner','Can delete partner');
INSERT INTO auth_permission VALUES(48,12,'view_partner','Can view partner');
INSERT INTO auth_permission VALUES(49,13,'add_about','Can add about');
INSERT INTO auth_permission VALUES(50,13,'change_about','Can change about');
INSERT INTO auth_permission VALUES(51,13,'delete_about','Can delete about');
INSERT INTO auth_permission VALUES(52,13,'view_about','Can view about');
INSERT INTO auth_permission VALUES(53,14,'add_gallerydetail','Can add gallery detail');
INSERT INTO auth_permission VALUES(54,14,'change_gallerydetail','Can change gallery detail');
INSERT INTO auth_permission VALUES(55,14,'delete_gallerydetail','Can delete gallery detail');
INSERT INTO auth_permission VALUES(56,14,'view_gallerydetail','Can view gallery detail');
INSERT INTO auth_permission VALUES(57,15,'add_gallery','Can add gallery');
INSERT INTO auth_permission VALUES(58,15,'change_gallery','Can change gallery');
INSERT INTO auth_permission VALUES(59,15,'delete_gallery','Can delete gallery');
INSERT INTO auth_permission VALUES(60,15,'view_gallery','Can view gallery');
INSERT INTO auth_permission VALUES(61,16,'add_newsletter','Can add news letter');
INSERT INTO auth_permission VALUES(62,16,'change_newsletter','Can change news letter');
INSERT INTO auth_permission VALUES(63,16,'delete_newsletter','Can delete news letter');
INSERT INTO auth_permission VALUES(64,16,'view_newsletter','Can view news letter');
INSERT INTO auth_permission VALUES(65,17,'add_sertificate','Can add sertificate');
INSERT INTO auth_permission VALUES(66,17,'change_sertificate','Can change sertificate');
INSERT INTO auth_permission VALUES(67,17,'delete_sertificate','Can delete sertificate');
INSERT INTO auth_permission VALUES(68,17,'view_sertificate','Can view sertificate');
CREATE TABLE IF NOT EXISTS "auth_group" ("id" integer NOT NULL PRIMARY KEY AUTOINCREMENT, "name" varchar(150) NOT NULL UNIQUE);
CREATE TABLE IF NOT EXISTS "auth_user" ("id" integer NOT NULL PRIMARY KEY AUTOINCREMENT, "password" varchar(128) NOT NULL, "last_login" datetime NULL, "is_superuser" bool NOT NULL, "username" varchar(150) NOT NULL UNIQUE, "last_name" varchar(150) NOT NULL, "email" varchar(254) NOT NULL, "is_staff" bool NOT NULL, "is_active" bool NOT NULL, "date_joined" datetime NOT NULL, "first_name" varchar(150) NOT NULL);
INSERT INTO auth_user VALUES(1,'pbkdf2_sha256$216000$UjRW9wwHuBOA$fYdq9WOscyfHqBnuccUqN+fAN7wTAX1iX1F64pBKURo=','2020-12-17 17:53:23.032884',1,'a','','',1,1,'2020-12-17 17:47:46.323683','');
CREATE TABLE IF NOT EXISTS "django_session" ("session_key" varchar(40) NOT NULL PRIMARY KEY, "session_data" text NOT NULL, "expire_date" datetime NOT NULL);
INSERT INTO django_session VALUES('dx6gc1resqp4ugt50xk75koa83v21npb','.eJxVjEEOwiAQRe_C2hCmUxBcuu8ZyAwMUjVtUtqV8e7apAvd_vfef6lI21rj1mSJY1YXBer0uzGlh0w7yHeabrNO87QuI-td0QdtepizPK-H-3dQqdVvfe4N-16YATIYWzBZ7JBYCNCRhFBM78Ab5wxK5xjQYwimcLBWgkP1_gDMOTbZ:1kpxSt:GZzd3GsSL7SbbjnzHU9P1B6G_5hswEeyfguintdNb2M','2020-12-31 17:53:23.230308');
CREATE TABLE IF NOT EXISTS "main_categoryproduct" ("id" integer NOT NULL PRIMARY KEY AUTOINCREMENT, "name" varchar(255) NOT NULL);
INSERT INTO main_categoryproduct VALUES(3,'Алюкобонд');
INSERT INTO main_categoryproduct VALUES(4,'Скотч');
INSERT INTO main_categoryproduct VALUES(5,'Саморезы');
INSERT INTO main_categoryproduct VALUES(6,'Изоляционная лента');
INSERT INTO main_categoryproduct VALUES(7,'Трубы и Фитинги');
CREATE TABLE IF NOT EXISTS "main_subcategoryproduct" ("id" integer NOT NULL PRIMARY KEY AUTOINCREMENT, "name" varchar(255) NOT NULL, "category_id" integer NOT NULL REFERENCES "main_categoryproduct" ("id") DEFERRABLE INITIALLY DEFERRED);
INSERT INTO main_subcategoryproduct VALUES(5,'ППР Трубы',7);
INSERT INTO main_subcategoryproduct VALUES(6,'ПВХ Трубы',7);
INSERT INTO main_subcategoryproduct VALUES(7,'ППР Фитинги',7);
INSERT INTO main_subcategoryproduct VALUES(8,'ПВХ Фитинги',7);
CREATE TABLE IF NOT EXISTS "main_productdetailimage" ("id" integer NOT NULL PRIMARY KEY AUTOINCREMENT, "img" varchar(100) NOT NULL, "product_id" integer NOT NULL REFERENCES "main_product" ("id") DEFERRABLE INITIALLY DEFERRED);
INSERT INTO main_productdetailimage VALUES(8,'prodThumbImg/116x0_cropped_1baf2f1f825e376e61b2a1075dfc66ad_yX47Ogf.jpg',3);
INSERT INTO main_productdetailimage VALUES(9,'prodThumbImg/116x0_cropped_1f614f0d8dc2515fa410b97710b2ec0e_ucPog55.jpg',4);
INSERT INTO main_productdetailimage VALUES(10,'prodThumbImg/116x0_cropped_1f614f0d8dc2515fa410b97710b2ec0e_QJjtrJm.jpg',4);
INSERT INTO main_productdetailimage VALUES(11,'prodThumbImg/116x0_cropped_2bbf66c9a7a8e7a3116ffd1c82847e5b_dBLb2LY.jpg',4);
INSERT INTO main_productdetailimage VALUES(12,'prodThumbImg/116x0_cropped_2e457eab3e638e3be02acbfc20ef6d50.jpg',5);
INSERT INTO main_productdetailimage VALUES(13,'prodThumbImg/116x0_cropped_3d4e2c44ef473402e9f162955a228205.jpg',5);
CREATE TABLE IF NOT EXISTS "main_productdetail" ("id" integer NOT NULL PRIMARY KEY AUTOINCREMENT, "productfeatures" varchar(255) NOT NULL, "productfeaturestext" varchar(255) NOT NULL, "product_id" integer NOT NULL REFERENCES "main_product" ("id") DEFERRABLE INITIALLY DEFERRED);
INSERT INTO main_productdetail VALUES(9,'Material turi','PPR',3);
INSERT INTO main_productdetail VALUES(10,'Suv turi','Issiq suv',3);
INSERT INTO main_productdetail VALUES(11,'Qalinligi','20, 25, 32, 40, 50, 63, 75 mm',3);
INSERT INTO main_productdetail VALUES(12,'Brend','VERO',3);
INSERT INTO main_productdetail VALUES(13,'Material turi','PPR',4);
INSERT INTO main_productdetail VALUES(14,'Suv turi','Issiq suv',4);
INSERT INTO main_productdetail VALUES(15,'Qalinligi','20, 25, 32, 40, 50, 63, 75 mm',4);
INSERT INTO main_productdetail VALUES(16,'kolami','VERO',4);
INSERT INTO main_productdetail VALUES(17,'Material turi','oq',5);
INSERT INTO main_productdetail VALUES(18,'Suv turi','tur',5);
INSERT INTO main_productdetail VALUES(19,'Qalinligi','blegi',5);
INSERT INTO main_productdetail VALUES(20,'Brend','VERO',5);
CREATE TABLE IF NOT EXISTS "main_product" ("id" integer NOT NULL PRIMARY KEY AUTOINCREMENT, "img" varchar(100) NOT NULL, "slug" varchar(50) NOT NULL, "about" text NULL, "prise" decimal NULL, "category_id" integer NULL REFERENCES "main_categoryproduct" ("id") DEFERRABLE INITIALLY DEFERRED, "subcategory_id" integer NULL REFERENCES "main_subcategoryproduct" ("id") DEFERRABLE INITIALLY DEFERRED, "title" varchar(255) NOT NULL);
INSERT INTO main_product VALUES(3,'products/c7e013388caa1be8b313ebaed7a26779.jpg','aasd','Тройник с внутренней резьбойТройник с внутренней резьбойТройник с внутренней резьбойТройник с внутренней резьбойТройник с внутренней резьбойТройник с внутренней резьбойТройник с внутренней резьбойТройник с внутренней резьбойТройник с внутренней резьбойТройник с внутренней резьбойТройник с внутренней резьбойТройник с внутренней резьбойТройник с внутренней резьбойТройник с внутренней резьбойТройник с внутренней резьбой',50000,7,5,'Тройник с внутренней резьбой');
INSERT INTO main_product VALUES(4,'products/2bbf66c9a7a8e7a3116ffd1c82847e5b.jpg','galaxy9','adasdsdsadsdsads sa s df af  f a f df a aadasdsdsadsdsads sa s df af  f a f df a aadasdsdsadsdsads sa s df af  f a f df a aadasdsdsadsdsads sa s df af  f a f df a aadasdsdsadsdsads sa s df af  f a f df a aadasdsdsadsdsads sa s df af  f a f df a aadasdsdsadsdsads sa s df af  f a f df a aadasdsdsadsdsads sa s df af  f a f df a aadasdsdsadsdsads sa s df af  f a f df a aadasdsdsadsdsads sa s df af  f a f df a aadasdsdsadsdsads sa s df af  f a f df a aadasdsdsadsdsads sa s df af  f a f df a aadasdsdsadsdsads sa s df af  f a f df a aadasdsdsadsdsads sa s df af  f a f df a aadasdsdsadsdsads sa s df af  f a f df a aadasdsdsadsdsads sa s df af  f a f df a aadasdsdsadsdsads sa s df af  f a f df a a',50000,7,6,'MOdern End new');
INSERT INTO main_product VALUES(5,'products/2e457eab3e638e3be02acbfc20ef6d50.jpg','iphone11','dfvdffbsfdb sdvdgvdsfvs sdvdsvdsvs dfvdffbsfdb sdvdgvdsfvs sdvdsvdsvs dfvdffbsfdb sdvdgvdsfvs sdvdsvdsvs dfvdffbsfdb sdvdgvdsfvs sdvdsvdsvs dfvdffbsfdb sdvdgvdsfvs sdvdsvdsvs dfvdffbsfdb sdvdgvdsfvs sdvdsvdsvs dfvdffbsfdb sdvdgvdsfvs sdvdsvdsvs dfvdffbsfdb sdvdgvdsfvs sdvdsvdsvs dfvdffbsfdb sdvdgvdsfvs sdvdsvdsvs dfvdffbsfdb sdvdgvdsfvs sdvdsvdsvs dfvdffbsfdb sdvdgvdsfvs sdvdsvdsvs dfvdffbsfdb sdvdgvdsfvs sdvdsvdsvs dfvdffbsfdb sdvdgvdsfvs sdvdsvdsvs dfvdffbsfdb sdvdgvdsfvs sdvdsvdsvs dfvdffbsfdb sdvdgvdsfvs sdvdsvdsvs dfvdffbsfdb sdvdgvdsfvs sdvdsvdsvs dfvdffbsfdb sdvdgvdsfvs sdvdsvdsvs dfvdffbsfdb sdvdgvdsfvs sdvdsvdsvs',4512,7,6,'We Love Modern Designs');
CREATE TABLE IF NOT EXISTS "main_partner" ("id" integer NOT NULL PRIMARY KEY AUTOINCREMENT, "name" varchar(200) NOT NULL, "img" varchar(100) NOT NULL);
INSERT INTO main_partner VALUES(1,'qishloq qurilish bank','partners/328x0_cropped_d70c27c442ae18ac7ce23d4ff27e7596.png');
INSERT INTO main_partner VALUES(2,'Toshiba','partners/328x0_cropped_5e09fcd6aec736f0f4131a64e3b5d37a.jpg');
INSERT INTO main_partner VALUES(3,'mikrosaun','partners/328x0_cropped_a3a96d8902059ec1e8e5e9b8de893b8e.jpg');
CREATE TABLE IF NOT EXISTS "main_about" ("id" integer NOT NULL PRIMARY KEY AUTOINCREMENT, "title" varchar(255) NOT NULL, "text" text NOT NULL, "slug" varchar(255) NOT NULL);
INSERT INTO main_about VALUES(1,'Общая информация',replace(replace('Компания ‘’MASTER BILDING PRODUCTS’’ основана в 2014 году. Предприятие специализируется на производстве и поставках современных пластиковых труб и фасонных частей для систем водоснабжения, отопления, канализации.\r\n\r\nС 2015 года продукция Компании ‘’MASTER BILDING PRODUCTS’’ выпускается под торговой маркой ‘’VERO’’. Компания в производстве использует современное высокотехнологичное оборудование и регулярно внедряет новаторские решения, создавая пластиковые трубы исключительно высокого качества, усиливая тем самым их конкурентные преимущества.\r\n\r\nВысококвалифицированные специалисты компании и его структурных подразделений проходят ежегодное повышение квалификации и обмен опытом на крупнейших европейских заводах. Вся продукция производится только из первичного сырья без примесей и добавок.\r\n\r\nСоответствие экологическим и гигиеническим требованиям производимой продукции, предоставляет возможность использовать их в системах водоснабжения социальных и иных объектах, поскольку они идеальным образом подходят для транспортирования питьевой воды. Продукция не подвержена коррозии, вследствие чего может быть эксплуатировано дольше своих металлических аналогов, и являются лучшим решением для трубопроводов с тепловой изоляцией, для размещения проводов и кабелей, канализации, дренажа и т.д..\r\n\r\nПродукция компании активно используется при строительстве многочисленных объектов коммерческой и жилой недвижимости, объектов промышленного назначения. Постоянно совершенствуя производственный процесс, компания планирует значительно расширить клиентскую базу и укрепить уровень доверия своих потенциальных покупателей. Нам важно, чтобы наши партнёры получали удовольствие от сотрудничества с нашей компанией.\r\n\r\nИменно Вам мы хотим показать, что продукция и услуги компании будут всегда соответствовать Вашим ожиданиям.\r\n\r\nСегодня VERO полностью принадлежит СП ООО «MASTER BILDING PRODUCTS». На завод добавлены новые продукты. Из этих:\r\n\r\nAlyukabond;\r\nСаморезы;\r\nГипсокартон;\r\nскотч\r\nBy приняла не только известный бренд, но и многолетний опыт, высокие стандарты работы и передовые технологии.\r\nПродукция бренда VERO можно найти во всех городах Узбекистана, а также в других странах.\r\nК 2020 году более 120 строительных организаций доверяют нам и участвуют в более чем 60 000 строительных проектов в год.\r\nШирина предприятия составляет 65 000 м2, а рабочая площадь - 8 000 м2. В Master Bilding Products работает более 500 человек.\r\nВ настоящее время в эксплуатации находятся линия ППР-10, линия ПВХ-8, Термопласт - 17 станков, Металлообработка - 20 станков, (7 + 5 + 5 + 3) и 20 вспомогательных станков.\r\nПроизводство полипропиленовых труб с горячей и холодной водой имеет годовой объем производства более 14 000 тонн или 50 000 км в различных размерах, то есть до 50-110 диаметров.\r\nГодовой объем производства полипропиленовой арматуры составляет более 2000 тонн.\r\nГодовой объем производства канализационных труб из ПВХ составляет более 8000 тонн или 5000 км в различных размерах, то есть до 50-200 диаметров.\r\nГодовой объем производства латуни составляет 4000 тонн.\r\nHyosnong из Кореи использует сырье для труб и фитингов Vero.\r\nВ ассортименте более 300 наименований.\r\nПродукт продается в Узбекистане, Таджикистане, Кыргызстане, Казахстане и России.','\r',char(13)),'\n',char(10)),'about');
INSERT INTO main_about VALUES(2,'Результаты за 2017-2018',replace(replace('1-3 марта 2017 года - Награжден СЕРТИФИКАТОМ на выставке «Аква-Терм» в Ташкенте.\r\n20-24 апреля 2017 г. - награжден Дипломом на выставке «КЫРГЫЗСТАНСКАЯ МЕЖДУНАРОДНАЯ ВЫСТАВКА» в Кыргызстане.\r\nМай 2017 - СП ООО «MASTER BILDING PRODUCTS» награждено Дипломом за активное участие в Ташкентской областной промышленной ярмарке и Кооперационной бирже.\r\n\r\n5-8 сентября 2017 года Казахстан был награжден СЕРТИФИКАТОМ за участие в выставке «Aqua Therm» по случаю своего 10-летия в Алматы.\r\nНагражден Сертификатом за участие в выставке «Сделано в Узбекистане» в Ташкенте 7-9 ноября 2017 года.\r\nБыл награжден Дипломом за участие в выставке, проходившей в Туркменистане 29-31 марта 2018 года.\r\n21 февраля 2018 года СП ООО «Master Bilding Products» стало членом Торгово-промышленной палаты Республики Узбекистан и получило Сертификат.\r\n2 марта 2018 года он был награжден СЕРТИФИКАТОМ на выставке «Аква терм» в Ташкенте.\r\nНагражден Сертификатом на выставке ShymkentBuild, которая прошла 13-15 марта 2018 года в Казахстане.','\r',char(13)),'\n',char(10)),'result20172017');
INSERT INTO main_about VALUES(3,'Результаты за 2019',replace(replace('Награжден Сертификатом на выставке «Аква Терм» в Ташкенте 27-1 марта 2019 года.\r\n8 июня 2019 года награжден Почетной грамотой за активное участие в бизнес-форуме «Ташаббус 2019» в Сырдарьинской области.\r\n20 сентября - 20 декабря 2019 г. Компания организовала большую акцию.\r\n22 декабря 2019 года объявлены победители акции наряду с новогодним мероприятием.','\r',char(13)),'\n',char(10)),'result2019');
INSERT INTO main_about VALUES(4,'Результаты за 2020',replace(replace('14-23 января 2020 г. Компания взяла партнеров-победителей в поездку в "Sharm El-Sheikh".\r\nНа выставке UzBuild в Ташкенте 24-27 февраля 2020 года он был награжден Сертификатом и "BEST STAND DESIGN" за лучший дизайн стенда.\r\n7 мая - 27 мая 2020 года Объявлен конкурс «УМЕЛЫЕ РУКИ» для сантехников, мастеров и талантливых людей.','\r',char(13)),'\n',char(10)),'result2020');
CREATE TABLE IF NOT EXISTS "main_gallery" ("id" integer NOT NULL PRIMARY KEY AUTOINCREMENT, "title" varchar(255) NOT NULL, "img" varchar(100) NOT NULL, "slug" varchar(255) NOT NULL, "date" date NOT NULL);
INSERT INTO main_gallery VALUES(1,'Birinchi Gallereya','gallery/7d9f48519bca0fb86230acb84f2aa57d.jpg','smartphones','2020-12-19');
INSERT INTO main_gallery VALUES(2,'Ikkinchi Galereya','gallery/90abcdcbc825b76e750c33dea28751fa.jpg','notebooks','2020-12-19');
INSERT INTO main_gallery VALUES(3,'uchinchi galereya','gallery/a1df17d4c8b410397632a6f2f876b31e_YozZoSU.jpg','galaxy9','2020-12-19');
INSERT INTO main_gallery VALUES(4,'We Love Modern Designs','gallery/dbb8e5d87f4ecf27a1f11d6edc7f9c0e.jpg','iphone11','2020-12-19');
CREATE TABLE IF NOT EXISTS "main_newsletter" ("id" integer NOT NULL PRIMARY KEY AUTOINCREMENT, "title" varchar(255) NOT NULL, "letter" text NOT NULL, "img" varchar(100) NOT NULL, "date" date NOT NULL);
INSERT INTO main_newsletter VALUES(1,'В СФЕРЕ ВОДОСНАБЖЕНИЯ – РЕОРГАНИЗАЦИЯ И ПЕРЕРАСПРЕДЕЛЕНИЕ ПОЛНОМОЧИЙ',replace(replace('Очередной этап реформирования отрасли предусмотрен Указом и постановлением, подписанными Президентом 26 ноября.\r\n\r\nМинЖКО определено уполномоченным госорганом в области координации учета, мониторинга, обеспечения безопасности и качества вод Единого государственного водного фонда, а также формирования единого водного баланса. На ведомство в связи с этим возложили дополнительные задачи. Для их реализации в центральном аппарате министерства создано три новых управления, курировать которые будет первый замминистра. В структуру МинЖКО из ведения Кабинета Министров переходит Инспекция по контролю за использованием питьевой воды. Действующие задачи, функции и порядок ее финансирования сохранятся.\r\nМинистерство ведет единую информационную систему водного баланса республики. В ней отражаются данные о количественных и качественных показателях всех видов вод Единого государственного водного фонда, представленные уполномоченными министерствами и ведомствами.\r\n\r\nМинЖКО также ведет мониторинг достоверности учета воды, состояния ее безопасности и качества и вносит подтвержденные и обновленные сведения в единую базу данных, а также вырабатывает меры по устранению выявленных недостатков. Отчет о состоянии учета воды, ее безопасности и качества, формировании единого водного баланса республики с конкретными предложениями систематически вносится в Администрацию Президента и Кабинет Министров.\r\nРазрабатывается Стратегия развития водоснабжения и водоотведения. К работе над ней привлечены ведущие зарубежные эксперты. В частности, планируется создание единой централизованной системы учета, мониторинга, обеспечения безопасности и качества вод, внедрение системы «Цифровой водоканал» и т.д.\r\nОдно из направлений готовящейся стратегии – реорганизация предприятий водоснабжения в отдельную корпоративную структуру с функциями единого оператора при эксплуатации объектов систем водоснабжения и водоотведения. Такой структурой станет АО «Узсувтаъминот», к которой перейдут активы и госдоли в уставных капиталах ГУПов системы МинЖКО. Сами эти предприятия до 1 мая 2020 года преобразуются в ООО на условиях правопреемства по всем договорам, правам и обязательствам. При этом долги предприятий водоснабжения реструктуризированы: им дали 5-летнюю отсрочку, после чего погашение будет производиться ежемесячно и равномерно в течение еще 5 лет, а начисленная пеня списана.\r\n! С 1 января 2020 года АО «Узсувтаъминот» и организации, входящие в его состав, займутся обеспечением полноты и своевременности платежей, сокращением долгов потребителей. Сейчас это функция Бюро принудительного исполнения.\r\nАзиатский банк развития выделит заем в $15 млн для формирования Фонда финансирования готовности проектов и для дальнейшего финансирования разработки ТЭО проектов в сфере водоснабжения и водоотведения. За счет этого в отрасли появятся современные информационные и ресурсосберегающие технологии, а также приборы учета (расходомеры) сооружений по производству и распределению питьевой воды.\r\nКАТЕГОРИИ НОВОСТЕЙ\r\nОбщие новости','\r',char(13)),'\n',char(10)),'newsletter/850x0_cropped_916efdcb0b4e3284744a5d7d59edec51.jpg','2020-12-19');
INSERT INTO main_newsletter VALUES(2,'КАРАНТИННЫЕ ОГРАНИЧЕНИЯ СМЯГЧАЮТСЯ',replace(replace('ешением Республиканской специальной комиссии по подготовке программы мероприятий по предотвращению проникновения и распространения коронавируса разрешено возобновление деятельности ряду субъектов.\r\n\r\n\r\n\r\n\r\nРешение принято для обеспечения стабильного функционирования секторов экономики, предотвращения безработицы среди населения и обеспечения доходов бюджета. Могут возобновить деятельность:\r\n\r\n\r\nстроительные рынки, в том числе хозсубъекты, занимающиеся розничной и оптовой торговлей стройматериалами (площадь не менее 500 кв. м);\r\nсетевые магазины крупных производителей, предназначенные для продажи собственных продуктов (с соблюдением санитарной нормы в 10 кв. м на 1 покупателя);\r\nремесленники и мастера – продавать свои изделия в магазинах вне рынков;\r\nсубъекты предпринимательства (любой формы собственности), занимающиеся выращиванием и продажей семян и саженцев;\r\nпункты (кассы) коммерческих банков;\r\nсубъекты предпринимательства (независимо от формы собственности), занимающиеся продажей автомобильных запчастей;\r\nсервисные организации по обслуживанию автомобилей, сельхоз- и строительной техники (площадью не менее 1 000 кв. м);\r\nхимчистки;\r\nнотариальные конторы и страховые компании;\r\nинвестиционные проекты по строительству объектов социальной сферы.','\r',char(13)),'\n',char(10)),'newsletter/850x0_cropped_385bdd61e643df6b6dad22645f204273.jpg','2020-12-19');
INSERT INTO main_newsletter VALUES(3,'We Love Modern Designs',replace(replace('ешением Республиканской специальной комиссии по подготовке программы мероприятий по предотвращению проникновения и распространения коронавируса разрешено возобновление деятельности ряду субъектов.\r\n\r\n\r\n\r\n\r\nРешение принято для обеспечения стабильного функционирования секторов экономики, предотвращения безработицы среди населения и обеспечения доходов бюджета. Могут возобновить деятельность:\r\n\r\n\r\nстроительные рынки, в том числе хозсубъекты, занимающиеся розничной и оптовой торговлей стройматериалами (площадь не менее 500 кв. м);\r\nсетевые магазины крупных производителей, предназначенные для продажи собственных продуктов (с соблюдением санитарной нормы в 10 кв. м на 1 покупателя);\r\nремесленники и мастера – продавать свои изделия в магазинах вне рынков;\r\nсубъекты предпринимательства (любой формы собственности), занимающиеся выращиванием и продажей семян и саженцев;\r\nпункты (кассы) коммерческих банков;\r\nсубъекты предпринимательства (независимо от формы собственности), занимающиеся продажей автомобильных запчастей;\r\nсервисные организации по обслуживанию автомобилей, сельхоз- и строительной техники (площадью не менее 1 000 кв. м);\r\nхимчистки;\r\nнотариальные конторы и страховые компании;\r\nинвестиционные проекты по строительству объектов социальной сферы.','\r',char(13)),'\n',char(10)),'newsletter/850x0_cropped_a669819ef2f93c9bd8d705746e603ed2.jpg','2020-12-19');
CREATE TABLE IF NOT EXISTS "main_gallerydetail" ("id" integer NOT NULL PRIMARY KEY AUTOINCREMENT, "gallery_id" integer NOT NULL REFERENCES "main_gallery" ("id") DEFERRABLE INITIALLY DEFERRED, "img" varchar(100) NOT NULL);
INSERT INTO main_gallerydetail VALUES(1,1,'gallery/4a91616357984574c72db596b8b5d0c4.jpg');
INSERT INTO main_gallerydetail VALUES(2,1,'gallery/7d9f48519bca0fb86230acb84f2aa57d_WqOwwd6.jpg');
INSERT INTO main_gallerydetail VALUES(3,1,'gallery/3c4a11bbe9d4d5492a6c8257de4f318c.jpg');
INSERT INTO main_gallerydetail VALUES(4,1,'gallery/3d3b982c4acca4f15a7cf59509dce649.jpg');
INSERT INTO main_gallerydetail VALUES(5,2,'gallery/830b06744ae3a66d37d48d5f7008034e.jpg');
INSERT INTO main_gallerydetail VALUES(6,2,'gallery/39d75b1ab05da44175b46b428a9cb87c.jpg');
INSERT INTO main_gallerydetail VALUES(7,2,'gallery/3d3b982c4acca4f15a7cf59509dce649_CDiqlYl.jpg');
INSERT INTO main_gallerydetail VALUES(8,2,'gallery/65097932435133c83a4f68008504d411.jpg');
INSERT INTO main_gallerydetail VALUES(9,2,'gallery/de2f0de735997fbb39cefaa3042ad910.jpg');
INSERT INTO main_gallerydetail VALUES(10,2,'gallery/b457f2d19fb3d63771c1a73d509a1960.jpg');
INSERT INTO main_gallerydetail VALUES(11,2,'gallery/2855b9b19ec3944eebe0e203fa12bd20.jpg');
INSERT INTO main_gallerydetail VALUES(12,2,'gallery/39d75b1ab05da44175b46b428a9cb87c_BC7bAog.jpg');
INSERT INTO main_gallerydetail VALUES(13,2,'gallery/a1df17d4c8b410397632a6f2f876b31e.jpg');
INSERT INTO main_gallerydetail VALUES(14,3,'gallery/39d75b1ab05da44175b46b428a9cb87c_7r0BsOj.jpg');
INSERT INTO main_gallerydetail VALUES(15,3,'gallery/90abcdcbc825b76e750c33dea28751fa_pdPy7n5.jpg');
INSERT INTO main_gallerydetail VALUES(16,3,'gallery/39d75b1ab05da44175b46b428a9cb87c_4HffziD.jpg');
INSERT INTO main_gallerydetail VALUES(17,3,'gallery/3d3b982c4acca4f15a7cf59509dce649_unmUJo8.jpg');
INSERT INTO main_gallerydetail VALUES(18,3,'gallery/3c4a11bbe9d4d5492a6c8257de4f318c_U0PUZzM.jpg');
INSERT INTO main_gallerydetail VALUES(19,3,'gallery/3d3b982c4acca4f15a7cf59509dce649_6S7ns19.jpg');
INSERT INTO main_gallerydetail VALUES(20,3,'gallery/3d3b982c4acca4f15a7cf59509dce649_dT2IyIa.jpg');
INSERT INTO main_gallerydetail VALUES(21,3,'gallery/3d3b982c4acca4f15a7cf59509dce649_FKZxqNG.jpg');
INSERT INTO main_gallerydetail VALUES(22,3,'gallery/39d75b1ab05da44175b46b428a9cb87c_2dlUVlC.jpg');
INSERT INTO main_gallerydetail VALUES(23,4,'gallery/39d75b1ab05da44175b46b428a9cb87c_QvJVdbR.jpg');
INSERT INTO main_gallerydetail VALUES(24,4,'gallery/4a91616357984574c72db596b8b5d0c4_dovGYcW.jpg');
INSERT INTO main_gallerydetail VALUES(25,4,'gallery/4a91616357984574c72db596b8b5d0c4_ibFBrIW.jpg');
INSERT INTO main_gallerydetail VALUES(26,4,'gallery/39d75b1ab05da44175b46b428a9cb87c_Hy6Y6KB.jpg');
INSERT INTO main_gallerydetail VALUES(27,4,'gallery/39d75b1ab05da44175b46b428a9cb87c_Sg8R6FC.jpg');
CREATE TABLE IF NOT EXISTS "main_sertificate" ("id" integer NOT NULL PRIMARY KEY AUTOINCREMENT, "name" varchar(200) NOT NULL, "img" varchar(100) NOT NULL);
INSERT INTO main_sertificate VALUES(1,'soliq','partners/0f49ab35af31c1fdea46b216d3d5337d.jpg');
INSERT INTO main_sertificate VALUES(2,'telegram','partners/96ba6dc9bbae208b134419f63a21f8e2.jpg');
INSERT INTO main_sertificate VALUES(3,'Mirzoakbar','partners/c3ad1ff923601f6934e61dd82642347f.jpg');
DELETE FROM sqlite_sequence;
INSERT INTO sqlite_sequence VALUES('django_migrations',27);
INSERT INTO sqlite_sequence VALUES('django_admin_log',34);
INSERT INTO sqlite_sequence VALUES('django_content_type',17);
INSERT INTO sqlite_sequence VALUES('auth_permission',68);
INSERT INTO sqlite_sequence VALUES('auth_group',0);
INSERT INTO sqlite_sequence VALUES('auth_user',1);
INSERT INTO sqlite_sequence VALUES('main_categoryproduct',7);
INSERT INTO sqlite_sequence VALUES('main_subcategoryproduct',8);
INSERT INTO sqlite_sequence VALUES('main_product',5);
INSERT INTO sqlite_sequence VALUES('main_productdetail',20);
INSERT INTO sqlite_sequence VALUES('main_productdetailimage',13);
INSERT INTO sqlite_sequence VALUES('main_partner',3);
INSERT INTO sqlite_sequence VALUES('main_about',4);
INSERT INTO sqlite_sequence VALUES('main_gallery',4);
INSERT INTO sqlite_sequence VALUES('main_gallerydetail',27);
INSERT INTO sqlite_sequence VALUES('main_newsletter',3);
INSERT INTO sqlite_sequence VALUES('main_sertificate',3);
CREATE UNIQUE INDEX "auth_group_permissions_group_id_permission_id_0cd325b0_uniq" ON "auth_group_permissions" ("group_id", "permission_id");
CREATE INDEX "auth_group_permissions_group_id_b120cbf9" ON "auth_group_permissions" ("group_id");
CREATE INDEX "auth_group_permissions_permission_id_84c5c92e" ON "auth_group_permissions" ("permission_id");
CREATE UNIQUE INDEX "auth_user_groups_user_id_group_id_94350c0c_uniq" ON "auth_user_groups" ("user_id", "group_id");
CREATE INDEX "auth_user_groups_user_id_6a12ed8b" ON "auth_user_groups" ("user_id");
CREATE INDEX "auth_user_groups_group_id_97559544" ON "auth_user_groups" ("group_id");
CREATE UNIQUE INDEX "auth_user_user_permissions_user_id_permission_id_14a6b632_uniq" ON "auth_user_user_permissions" ("user_id", "permission_id");
CREATE INDEX "auth_user_user_permissions_user_id_a95ead1b" ON "auth_user_user_permissions" ("user_id");
CREATE INDEX "auth_user_user_permissions_permission_id_1fbb5f2c" ON "auth_user_user_permissions" ("permission_id");
CREATE INDEX "django_admin_log_content_type_id_c4bce8eb" ON "django_admin_log" ("content_type_id");
CREATE INDEX "django_admin_log_user_id_c564eba6" ON "django_admin_log" ("user_id");
CREATE UNIQUE INDEX "django_content_type_app_label_model_76bd3d3b_uniq" ON "django_content_type" ("app_label", "model");
CREATE UNIQUE INDEX "auth_permission_content_type_id_codename_01ab375a_uniq" ON "auth_permission" ("content_type_id", "codename");
CREATE INDEX "auth_permission_content_type_id_2f476e4b" ON "auth_permission" ("content_type_id");
CREATE INDEX "django_session_expire_date_a5c62663" ON "django_session" ("expire_date");
CREATE INDEX "main_subcategoryproduct_category_id_3bad03c0" ON "main_subcategoryproduct" ("category_id");
CREATE INDEX "main_productdetailimage_product_id_6f0ef6cd" ON "main_productdetailimage" ("product_id");
CREATE INDEX "main_productdetail_product_id_ccd9cf99" ON "main_productdetail" ("product_id");
CREATE INDEX "main_product_slug_85058272" ON "main_product" ("slug");
CREATE INDEX "main_product_category_id_c0d90f41" ON "main_product" ("category_id");
CREATE INDEX "main_product_subcategory_id_0f329a0a" ON "main_product" ("subcategory_id");
CREATE INDEX "main_about_slug_776c9c8c" ON "main_about" ("slug");
CREATE INDEX "main_gallery_slug_a7925b41" ON "main_gallery" ("slug");
CREATE INDEX "main_gallerydetail_gallery_id_abc36d9f" ON "main_gallerydetail" ("gallery_id");
COMMIT;
